campaign,sample_id,n_scans,role,material,dose_mg,label_claim_pct,api_pct_ww,first_date,qc_flag
C01_2024-01_FORMULATION,C01_S10_490mg,16,calibration,formulation (API + MCC/PVP/CaSt/talc/MgSt),490.0,,84.12017167381974,2024-01-16 16:02,
C01_2024-01_FORMULATION,C01_S11_500mg,16,calibration,formulation (API + MCC/PVP/CaSt/talc/MgSt),500.0,,84.38818565400844,2024-01-16 16:10,
C01_2024-01_FORMULATION,C01_S12_510mg,16,calibration,formulation (API + MCC/PVP/CaSt/talc/MgSt),510.0,,84.64730290456431,2024-01-16 16:29,
C01_2024-01_FORMULATION,C01_S13_520mg,16,calibration,formulation (API + MCC/PVP/CaSt/talc/MgSt),520.0,,84.89795918367348,2024-01-16 16:40,
C01_2024-01_FORMULATION,C01_S14_530mg,16,calibration,formulation (API + MCC/PVP/CaSt/talc/MgSt),530.0,,85.14056224899598,2024-01-16 17:03,
C01_2024-01_FORMULATION,C01_S15_540mg,16,calibration,formulation (API + MCC/PVP/CaSt/talc/MgSt),540.0,,85.37549407114625,2024-01-16 17:13,
C01_2024-01_FORMULATION,C01_S16_550mg,16,calibration,formulation (API + MCC/PVP/CaSt/talc/MgSt),550.0,,85.60311284046693,2024-01-16 17:37,
C01_2024-01_FORMULATION,C01_S17_560mg,16,calibration,formulation (API + MCC/PVP/CaSt/talc/MgSt),560.0,,85.82375478927203,2024-01-16 17:45,
C01_2024-01_FORMULATION,C01_S18_570mg,16,calibration,formulation (API + MCC/PVP/CaSt/talc/MgSt),570.0,,86.03773584905662,2024-01-16 17:53,
C01_2024-01_FORMULATION,C01_S19_580mg,16,calibration,formulation (API + MCC/PVP/CaSt/talc/MgSt),580.0,,86.24535315985129,2024-01-17 14:19,
C01_2024-01_FORMULATION,C01_S01_400mg,16,calibration,formulation (API + MCC/PVP/CaSt/talc/MgSt),400.0,,81.21827411167513,2024-01-16 14:03,
C01_2024-01_FORMULATION,C01_S20_590mg,16,calibration,formulation (API + MCC/PVP/CaSt/talc/MgSt),590.0,,86.44688644688645,2024-01-17 14:31,
C01_2024-01_FORMULATION,C01_S21_600mg,16,calibration,formulation (API + MCC/PVP/CaSt/talc/MgSt),600.0,,86.64259927797833,2024-01-17 14:39,
C01_2024-01_FORMULATION,C01_S22_610mg,16,calibration,formulation (API + MCC/PVP/CaSt/talc/MgSt),610.0,,86.83274021352314,2024-01-17 17:32,
C01_2024-01_FORMULATION,C01_S23_620mg,16,calibration,formulation (API + MCC/PVP/CaSt/talc/MgSt),620.0,,87.01754385964911,2024-01-17 17:41,
C01_2024-01_FORMULATION,C01_S24_630mg,16,calibration,formulation (API + MCC/PVP/CaSt/talc/MgSt),630.0,,87.19723183391004,2024-01-17 17:50,
C01_2024-01_FORMULATION,C01_S25_640mg,16,calibration,formulation (API + MCC/PVP/CaSt/talc/MgSt),640.0,,87.37201365187714,2024-01-17 18:11,
C01_2024-01_FORMULATION,C01_S26_650mg,16,calibration,formulation (API + MCC/PVP/CaSt/talc/MgSt),650.0,,87.54208754208754,2024-01-17 18:23,
C01_2024-01_FORMULATION,C01_S27_660mg,16,calibration,formulation (API + MCC/PVP/CaSt/talc/MgSt),660.0,,87.7076411960133,2024-01-18 14:42,
C01_2024-01_FORMULATION,C01_S28_670mg,16,calibration,formulation (API + MCC/PVP/CaSt/talc/MgSt),670.0,,87.8688524590164,2024-01-18 14:50,
C01_2024-01_FORMULATION,C01_S29_680mg,16,calibration,formulation (API + MCC/PVP/CaSt/talc/MgSt),680.0,,88.02588996763754,2024-01-18 15:11,
C01_2024-01_FORMULATION,C01_S02_410mg,16,calibration,formulation (API + MCC/PVP/CaSt/talc/MgSt),410.0,,81.59203980099504,2024-01-16 14:11,
C01_2024-01_FORMULATION,C01_S30_690mg,16,calibration,formulation (API + MCC/PVP/CaSt/talc/MgSt),690.0,,88.17891373801916,2024-01-18 15:23,
C01_2024-01_FORMULATION,C01_S31_700mg,16,calibration,formulation (API + MCC/PVP/CaSt/talc/MgSt),700.0,,88.32807570977918,2024-01-18 15:45,
C01_2024-01_FORMULATION,C01_S32_750mg,16,calibration,formulation (API + MCC/PVP/CaSt/talc/MgSt),750.0,,89.02077151335313,2024-01-18 15:59,
C01_2024-01_FORMULATION,C01_S33_800mg,16,calibration,formulation (API + MCC/PVP/CaSt/talc/MgSt),800.0,,89.6358543417367,2024-01-18 16:15,
C01_2024-01_FORMULATION,C01_S34_850mg,16,calibration,formulation (API + MCC/PVP/CaSt/talc/MgSt),850.0,,90.18567639257294,2024-01-18 16:25,
C01_2024-01_FORMULATION,C01_S35_900mg,16,calibration,formulation (API + MCC/PVP/CaSt/talc/MgSt),900.0,,90.68010075566751,2024-01-18 16:32,
C01_2024-01_FORMULATION,C01_S36_950mg,16,calibration,formulation (API + MCC/PVP/CaSt/talc/MgSt),950.0,,91.12709832134293,2024-01-18 16:49,
C01_2024-01_FORMULATION,C01_S37_1000mg,16,calibration,formulation (API + MCC/PVP/CaSt/talc/MgSt),1000.0,,91.53318077803205,2024-01-18 16:57,
C01_2024-01_FORMULATION,C01_S38_1050mg,16,calibration,formulation (API + MCC/PVP/CaSt/talc/MgSt),1050.0,,91.90371991247265,2024-01-18 17:04,
C01_2024-01_FORMULATION,C01_S39_1100mg,16,calibration,formulation (API + MCC/PVP/CaSt/talc/MgSt),1100.0,,92.24318658280923,2024-01-18 17:12,
C01_2024-01_FORMULATION,C01_S03_420mg,16,calibration,formulation (API + MCC/PVP/CaSt/talc/MgSt),420.0,,81.95121951219512,2024-01-16 14:20,
C01_2024-01_FORMULATION,C01_S40_1150mg,16,calibration,formulation (API + MCC/PVP/CaSt/talc/MgSt),1150.0,,92.5553319919517,2024-01-18 17:32,
C01_2024-01_FORMULATION,C01_S41_1200mg,16,calibration,formulation (API + MCC/PVP/CaSt/talc/MgSt),1200.0,,92.84332688588007,2024-01-18 17:38,
C01_2024-01_FORMULATION,C01_S04_430mg,16,calibration,formulation (API + MCC/PVP/CaSt/talc/MgSt),430.0,,82.29665071770336,2024-01-16 14:37,
C01_2024-01_FORMULATION,C01_S05_440mg,16,calibration,formulation (API + MCC/PVP/CaSt/talc/MgSt),440.0,,82.62910798122066,2024-01-16 14:47,
C01_2024-01_FORMULATION,C01_S06_450mg,16,calibration,formulation (API + MCC/PVP/CaSt/talc/MgSt),450.0,,82.94930875576037,2024-01-16 15:19,
C01_2024-01_FORMULATION,C01_S07_460mg,16,calibration,formulation (API + MCC/PVP/CaSt/talc/MgSt),460.0,,83.25791855203622,2024-01-16 15:28,
C01_2024-01_FORMULATION,C01_S08_470mg,16,calibration,formulation (API + MCC/PVP/CaSt/talc/MgSt),470.0,,83.55555555555556,2024-01-16 15:36,
C01_2024-01_FORMULATION,C01_S09_480mg,16,calibration,formulation (API + MCC/PVP/CaSt/talc/MgSt),480.0,,83.84279475982534,2024-01-16 15:54,
C02_2024-04_FORMULATION,C02_S16_550mg,16,calibration,formulation (API + MCC/PVP/CaSt/talc/MgSt),550.0,,85.60311284046693,2024-04-04 15:32,
C02_2024-04_FORMULATION,C02_S17_560mg,16,calibration,formulation (API + MCC/PVP/CaSt/talc/MgSt),560.0,,85.82375478927203,2024-04-04 15:55,
C02_2024-04_FORMULATION,C02_S18_570mg,16,calibration,formulation (API + MCC/PVP/CaSt/talc/MgSt),570.0,,86.03773584905662,2024-04-04 16:11,
C02_2024-04_FORMULATION,C02_S19_580mg,16,calibration,formulation (API + MCC/PVP/CaSt/talc/MgSt),580.0,,86.24535315985129,2024-04-04 16:26,
C02_2024-04_FORMULATION,C02_S20_590mg,16,calibration,formulation (API + MCC/PVP/CaSt/talc/MgSt),590.0,,86.44688644688645,2024-04-04 16:42,
C02_2024-04_FORMULATION,C02_S21_600mg,16,calibration,formulation (API + MCC/PVP/CaSt/talc/MgSt),600.0,,86.64259927797833,2024-04-04 16:58,
C02_2024-04_FORMULATION,C02_S22_610mg,16,calibration,formulation (API + MCC/PVP/CaSt/talc/MgSt),610.0,,86.83274021352314,2024-04-04 17:15,
C02_2024-04_FORMULATION,C02_S23_620mg,16,calibration,formulation (API + MCC/PVP/CaSt/talc/MgSt),620.0,,87.01754385964911,2024-04-04 17:31,
C02_2024-04_FORMULATION,C02_S24_630mg,16,calibration,formulation (API + MCC/PVP/CaSt/talc/MgSt),630.0,,87.19723183391004,2024-04-04 17:48,
C02_2024-04_FORMULATION,C02_S25_640mg,16,calibration,formulation (API + MCC/PVP/CaSt/talc/MgSt),640.0,,87.37201365187714,2024-04-04 18:04,
C02_2024-04_FORMULATION,C02_S26_650mg,16,calibration,formulation (API + MCC/PVP/CaSt/talc/MgSt),650.0,,87.54208754208754,2024-04-04 18:20,
C02_2024-04_FORMULATION,C02_S27_660mg,16,calibration,formulation (API + MCC/PVP/CaSt/talc/MgSt),660.0,,87.7076411960133,2024-04-04 19:09,
C02_2024-04_FORMULATION,C02_S28_670mg,16,calibration,formulation (API + MCC/PVP/CaSt/talc/MgSt),670.0,,87.8688524590164,2024-04-04 19:31,
C02_2024-04_FORMULATION,C02_S29_680mg,16,calibration,formulation (API + MCC/PVP/CaSt/talc/MgSt),680.0,,88.02588996763754,2024-04-05 12:55,
C02_2024-04_FORMULATION,C02_S30_690mg,16,calibration,formulation (API + MCC/PVP/CaSt/talc/MgSt),690.0,,88.17891373801916,2024-04-05 13:15,
C02_2024-04_FORMULATION,C02_S31_700mg,16,calibration,formulation (API + MCC/PVP/CaSt/talc/MgSt),700.0,,88.32807570977918,2024-04-05 13:36,
C02_2024-04_FORMULATION,C02_S32_710mg,16,calibration,formulation (API + MCC/PVP/CaSt/talc/MgSt),710.0,,88.4735202492212,2024-04-05 14:09,
C02_2024-04_FORMULATION,C02_S33_720mg,16,calibration,formulation (API + MCC/PVP/CaSt/talc/MgSt),720.0,,88.61538461538461,2024-04-05 14:25,
C02_2024-04_FORMULATION,C02_S34_730mg,16,calibration,formulation (API + MCC/PVP/CaSt/talc/MgSt),730.0,,88.75379939209728,2024-04-05 14:41,
C02_2024-04_FORMULATION,C02_S35_740mg,16,calibration,formulation (API + MCC/PVP/CaSt/talc/MgSt),740.0,,88.8888888888889,2024-04-05 14:55,
C02_2024-04_FORMULATION,C02_S36_750mg,16,calibration,formulation (API + MCC/PVP/CaSt/talc/MgSt),750.0,,89.02077151335313,2024-04-05 15:21,
C03_2025-03-05_FIELD_TEST,C03_600mg,253,field_test,formulation (assumed; not documented),600.0,,,2025-03-05 03:13:33 PM,composition undocumented; logged prediction far from reference
C03_2025-03-05_FIELD_TEST,C03_550mg,111,field_test,formulation (assumed; not documented),550.0,,,2025-03-05 04:46:16 PM,composition undocumented; logged prediction far from reference
C03_2025-03-05_FIELD_TEST,C03_650mg,156,field_test,formulation (assumed; not documented),650.0,,,2025-03-05 05:29:26 PM,composition undocumented; logged prediction far from reference
C05_2025-05_MENDINE_EXP1,C05_Para_S17,16,calibration,binary blend paracetamol + talc (2.00 g),,79.98560115190784,44.44,2025-05-09,
C05_2025-05_MENDINE_EXP1,C05_Para_S16,16,calibration,binary blend paracetamol + talc (2.00 g),,82.48175182481752,45.2,2025-05-09,
C05_2025-05_MENDINE_EXP1,C05_Para_S15,16,calibration,binary blend paracetamol + talc (2.00 g),,84.97965223825379,45.94,2025-05-10,
C05_2025-05_MENDINE_EXP1,C05_Para_S14,16,calibration,binary blend paracetamol + talc (2.00 g),,87.51171948246767,46.67,2025-05-10,
C05_2025-05_MENDINE_EXP1,C05_Para_S13,16,calibration,binary blend paracetamol + talc (2.00 g),,90.00570017100512,47.37,2025-05-10,
C05_2025-05_MENDINE_EXP1,C05_Para_S12,16,calibration,binary blend paracetamol + talc (2.00 g),,92.49278152069297,48.05,2025-05-10,
C05_2025-05_MENDINE_EXP1,C05_Para_S11,16,calibration,binary blend paracetamol + talc (2.00 g),,95.00780031201248,48.72,2025-05-10,
C05_2025-05_MENDINE_EXP1,C05_Para_S10,16,calibration,binary blend paracetamol + talc (2.00 g),,97.51135690302192,49.37,2025-05-11,
C05_2025-05_MENDINE_EXP1,C05_Para_S09,16,calibration,binary blend paracetamol + talc (2.00 g),,100.0,50.0,2025-05-11,
C05_2025-05_MENDINE_EXP1,C05_Para_S08,16,calibration,binary blend paracetamol + talc (2.00 g),,102.51113811259617,50.62,2025-05-11,
C05_2025-05_MENDINE_EXP1,C05_Para_S07,16,calibration,binary blend paracetamol + talc (2.00 g),,105.0020500205002,51.22,2025-05-11,
C05_2025-05_MENDINE_EXP1,C05_Para_S06,16,calibration,binary blend paracetamol + talc (2.00 g),,107.51193193608633,51.81,2025-05-11,
C05_2025-05_MENDINE_EXP1,C05_Para_S05,16,calibration,binary blend paracetamol + talc (2.00 g),,109.99580008399835,52.38,2025-05-11,
C05_2025-05_MENDINE_EXP1,C05_Para_S04,16,calibration,binary blend paracetamol + talc (2.00 g),,112.49468763280916,52.94,2025-05-11,
C05_2025-05_MENDINE_EXP1,C05_Para_S03,16,calibration,binary blend paracetamol + talc (2.00 g),,115.00752526338422,53.49,2025-05-11,
C05_2025-05_MENDINE_EXP1,C05_Para_S02,16,calibration,binary blend paracetamol + talc (2.00 g),,117.48586341887778,54.02,2025-05-11,
C05_2025-05_MENDINE_EXP1,C05_Para_S01,16,calibration,binary blend paracetamol + talc (2.00 g),,120.02200220022002,54.55,2025-05-11,
C05_2025-05_MENDINE_EXP1,C05_Para_S00,26,pure_component,pure paracetamol (LOBA 98%),,,100.0,2025-05-11,
C05_2025-05_MENDINE_EXP1,C05_Talc_S00,17,pure_component,pure talc,,,0.0,2025-05-11,label recorded as 101.0 for pure talc; corrected to 0
C05_2025-05_MENDINE_EXP1,C05_Para_S10_R1,16,repeat_scan,binary blend paracetamol + talc (2.00 g),,97.51135690302192,49.37,2025-05-13,
C05_2025-05_MENDINE_EXP1,C05_Para_S15_R1,16,repeat_scan,binary blend paracetamol + talc (2.00 g),,84.97965223825379,45.94,2025-05-13,
C05_2025-05_MENDINE_EXP1,C05_AUTO_50,75,field_test,binary blend paracetamol + talc (2.00 g),,100.0,50.0,2025-05-13 04:29:58 PM,
C05_2025-05_MENDINE_EXP1,C05_AUTO_51.219,32,field_test,binary blend paracetamol + talc (2.00 g),,104.99784752260102,51.219,2025-05-13 05:24:42 PM,
C06_2025_MENDINE_EXP2,C06_S01,16,calibration,binary blend 2.00 g paracetamol + varied talc,,,45.45454545454545,2025 (undated),label column held purity (98) only; api_pct_ww derived from design table by sample number
C06_2025_MENDINE_EXP2,C06_S02,16,calibration,binary blend 2.00 g paracetamol + varied talc,,,45.97701149425288,2025 (undated),label column held purity (98) only; api_pct_ww derived from design table by sample number
C06_2025_MENDINE_EXP2,C06_S03,16,calibration,binary blend 2.00 g paracetamol + varied talc,,,46.51162790697675,2025 (undated),label column held purity (98) only; api_pct_ww derived from design table by sample number
C06_2025_MENDINE_EXP2,C06_S04,16,calibration,binary blend 2.00 g paracetamol + varied talc,,,47.05882352941177,2025 (undated),label column held purity (98) only; api_pct_ww derived from design table by sample number
C06_2025_MENDINE_EXP2,C06_S05,16,calibration,binary blend 2.00 g paracetamol + varied talc,,,47.61904761904762,2025 (undated),label column held purity (98) only; api_pct_ww derived from design table by sample number
C06_2025_MENDINE_EXP2,C06_S06,16,calibration,binary blend 2.00 g paracetamol + varied talc,,,48.192771084337345,2025 (undated),label column held purity (98) only; api_pct_ww derived from design table by sample number
C06_2025_MENDINE_EXP2,C06_S07,16,calibration,binary blend 2.00 g paracetamol + varied talc,,,48.78048780487805,2025 (undated),label column held purity (98) only; api_pct_ww derived from design table by sample number
C06_2025_MENDINE_EXP2,C06_S08,16,calibration,binary blend 2.00 g paracetamol + varied talc,,,49.382716049382715,2025 (undated),label column held purity (98) only; api_pct_ww derived from design table by sample number
C06_2025_MENDINE_EXP2,C06_S09,16,calibration,binary blend 2.00 g paracetamol + varied talc,,,50.0,2025 (undated),label column held purity (98) only; api_pct_ww derived from design table by sample number
C06_2025_MENDINE_EXP2,C06_S10,16,calibration,binary blend 2.00 g paracetamol + varied talc,,,50.63291139240506,2025 (undated),label column held purity (98) only; api_pct_ww derived from design table by sample number
C06_2025_MENDINE_EXP2,C06_S11,16,calibration,binary blend 2.00 g paracetamol + varied talc,,,51.282051282051285,2025 (undated),label column held purity (98) only; api_pct_ww derived from design table by sample number
C06_2025_MENDINE_EXP2,C06_S12,16,calibration,binary blend 2.00 g paracetamol + varied talc,,,51.94805194805195,2025 (undated),label column held purity (98) only; api_pct_ww derived from design table by sample number
C06_2025_MENDINE_EXP2,C06_S13,16,calibration,binary blend 2.00 g paracetamol + varied talc,,,52.631578947368425,2025 (undated),label column held purity (98) only; api_pct_ww derived from design table by sample number
C06_2025_MENDINE_EXP2,C06_S14,16,calibration,binary blend 2.00 g paracetamol + varied talc,,,53.333333333333336,2025 (undated),label column held purity (98) only; api_pct_ww derived from design table by sample number
C06_2025_MENDINE_EXP2,C06_S15,16,calibration,binary blend 2.00 g paracetamol + varied talc,,,54.05405405405405,2025 (undated),label column held purity (98) only; api_pct_ww derived from design table by sample number
C06_2025_MENDINE_EXP2,C06_S16,16,calibration,binary blend 2.00 g paracetamol + varied talc,,,54.794520547945204,2025 (undated),label column held purity (98) only; api_pct_ww derived from design table by sample number
C06_2025_MENDINE_EXP2,C06_S17,16,calibration,binary blend 2.00 g paracetamol + varied talc,,,55.55555555555556,2025 (undated),label column held purity (98) only; api_pct_ww derived from design table by sample number
C07_2025_MENDINE_SUBSAMPLES,C07_16d,16,calibration,binary blend paracetamol + talc (2.00 g),,80.5,44.5983379501385,2025 (undated),
C07_2025_MENDINE_SUBSAMPLES,C07_16c,16,calibration,binary blend paracetamol + talc (2.00 g),,81.0,44.751381215469614,2025 (undated),
C07_2025_MENDINE_SUBSAMPLES,C07_16b,16,calibration,binary blend paracetamol + talc (2.00 g),,81.5,44.90358126721763,2025 (undated),
C07_2025_MENDINE_SUBSAMPLES,C07_16a,16,calibration,binary blend paracetamol + talc (2.00 g),,82.0,45.05494505494506,2025 (undated),
C07_2025_MENDINE_SUBSAMPLES,C07_15d,16,calibration,binary blend paracetamol + talc (2.00 g),,83.0,45.3551912568306,2025 (undated),
C07_2025_MENDINE_SUBSAMPLES,C07_15c,16,calibration,binary blend paracetamol + talc (2.00 g),,83.5,45.50408719346049,2025 (undated),
C07_2025_MENDINE_SUBSAMPLES,C07_15b,16,calibration,binary blend paracetamol + talc (2.00 g),,84.0,45.652173913043484,2025 (undated),
C07_2025_MENDINE_SUBSAMPLES,C07_15a,16,calibration,binary blend paracetamol + talc (2.00 g),,84.5,45.799457994579946,2025 (undated),
C08_2025_IPRS_STANDARD,C08_IPRS_paracetamol,4,identity_reference,IPRS paracetamol reference standard,,,100.0,2025 (undated),
C09_2026-03_BLEND_CALIBRATION,C09_S01,16,calibration,binary blend paracetamol + talc (2.00 g),,80.0,44.44444444444444,2026-03 (undated),
C09_2026-03_BLEND_CALIBRATION,C09_S02,16,calibration,binary blend paracetamol + talc (2.00 g),,81.0,44.751381215469614,2026-03 (undated),
C09_2026-03_BLEND_CALIBRATION,C09_S03,16,calibration,binary blend paracetamol + talc (2.00 g),,82.0,45.05494505494506,2026-03 (undated),
C09_2026-03_BLEND_CALIBRATION,C09_S04,16,calibration,binary blend paracetamol + talc (2.00 g),,82.5,45.205479452054796,2026-03 (undated),
C09_2026-03_BLEND_CALIBRATION,C09_S05,16,calibration,binary blend paracetamol + talc (2.00 g),,83.0,45.3551912568306,2026-03 (undated),
C09_2026-03_BLEND_CALIBRATION,C09_S06,16,calibration,binary blend paracetamol + talc (2.00 g),,84.0,45.652173913043484,2026-03 (undated),
C09_2026-03_BLEND_CALIBRATION,C09_S07,16,calibration,binary blend paracetamol + talc (2.00 g),,85.0,45.945945945945944,2026-03 (undated),
C09_2026-03_BLEND_CALIBRATION,C09_S08,16,calibration,binary blend paracetamol + talc (2.00 g),,86.0,46.23655913978495,2026-03 (undated),
C09_2026-03_BLEND_CALIBRATION,C09_S09,16,calibration,binary blend paracetamol + talc (2.00 g),,87.0,46.524064171122994,2026-03 (undated),
C09_2026-03_BLEND_CALIBRATION,C09_S10,16,calibration,binary blend paracetamol + talc (2.00 g),,87.5,46.666666666666664,2026-03 (undated),
C09_2026-03_BLEND_CALIBRATION,C09_S11,16,calibration,binary blend paracetamol + talc (2.00 g),,88.0,46.808510638297875,2026-03 (undated),
C09_2026-03_BLEND_CALIBRATION,C09_S12,16,calibration,binary blend paracetamol + talc (2.00 g),,89.0,47.08994708994709,2026-03 (undated),
C09_2026-03_BLEND_CALIBRATION,C09_S13,16,calibration,binary blend paracetamol + talc (2.00 g),,90.0,47.36842105263158,2026-03 (undated),
C09_2026-03_BLEND_CALIBRATION,C09_S14,16,calibration,binary blend paracetamol + talc (2.00 g),,91.0,47.64397905759162,2026-03 (undated),
C09_2026-03_BLEND_CALIBRATION,C09_S15,16,calibration,binary blend paracetamol + talc (2.00 g),,92.0,47.91666666666667,2026-03 (undated),
C09_2026-03_BLEND_CALIBRATION,C09_S16,16,calibration,binary blend paracetamol + talc (2.00 g),,92.5,48.05194805194805,2026-03 (undated),
C09_2026-03_BLEND_CALIBRATION,C09_S17,16,calibration,binary blend paracetamol + talc (2.00 g),,93.0,48.18652849740932,2026-03 (undated),
C09_2026-03_BLEND_CALIBRATION,C09_S18,16,calibration,binary blend paracetamol + talc (2.00 g),,94.0,48.45360824742268,2026-03 (undated),
C09_2026-03_BLEND_CALIBRATION,C09_S19,16,calibration,binary blend paracetamol + talc (2.00 g),,95.0,48.71794871794872,2026-03 (undated),
C09_2026-03_BLEND_CALIBRATION,C09_S20,16,calibration,binary blend paracetamol + talc (2.00 g),,95.5,48.849104859335036,2026-03 (undated),
C09_2026-03_BLEND_CALIBRATION,C09_S21,16,calibration,binary blend paracetamol + talc (2.00 g),,96.0,48.97959183673469,2026-03 (undated),
C09_2026-03_BLEND_CALIBRATION,C09_S22,16,calibration,binary blend paracetamol + talc (2.00 g),,96.5,49.10941475826972,2026-03 (undated),
C09_2026-03_BLEND_CALIBRATION,C09_S23,16,calibration,binary blend paracetamol + talc (2.00 g),,97.0,49.23857868020305,2026-03 (undated),
C09_2026-03_BLEND_CALIBRATION,C09_S24,16,calibration,binary blend paracetamol + talc (2.00 g),,97.5,49.36708860759494,2026-03 (undated),
C09_2026-03_BLEND_CALIBRATION,C09_S25,16,calibration,binary blend paracetamol + talc (2.00 g),,98.0,49.494949494949495,2026-03 (undated),
C09_2026-03_BLEND_CALIBRATION,C09_S26,16,calibration,binary blend paracetamol + talc (2.00 g),,98.5,49.622166246851386,2026-03 (undated),
C09_2026-03_BLEND_CALIBRATION,C09_S29,16,calibration,binary blend paracetamol + talc (2.00 g),,99.0,49.74874371859296,2026-03 (undated),
C09_2026-03_BLEND_CALIBRATION,C09_S30,16,calibration,binary blend paracetamol + talc (2.00 g),,101.0,50.24875621890548,2026-03 (undated),
C09_2026-03_BLEND_CALIBRATION,C09_S31,16,calibration,binary blend paracetamol + talc (2.00 g),,101.5,50.37220843672457,2026-03 (undated),
C09_2026-03_BLEND_CALIBRATION,C09_S32,16,calibration,binary blend paracetamol + talc (2.00 g),,102.0,50.495049504950494,2026-03 (undated),
C09_2026-03_BLEND_CALIBRATION,C09_S33,16,calibration,binary blend paracetamol + talc (2.00 g),,102.5,50.61728395061728,2026-03 (undated),
C09_2026-03_BLEND_CALIBRATION,C09_S34,16,calibration,binary blend paracetamol + talc (2.00 g),,103.0,50.73891625615763,2026-03 (undated),
C09_2026-03_BLEND_CALIBRATION,C09_S35,16,calibration,binary blend paracetamol + talc (2.00 g),,103.5,50.85995085995085,2026-03 (undated),
C09_2026-03_BLEND_CALIBRATION,C09_S36,16,calibration,binary blend paracetamol + talc (2.00 g),,104.0,50.98039215686274,2026-03 (undated),
C09_2026-03_BLEND_CALIBRATION,C09_S37,16,calibration,binary blend paracetamol + talc (2.00 g),,104.5,51.100244498777506,2026-03 (undated),
C09_2026-03_BLEND_CALIBRATION,C09_S38,16,calibration,binary blend paracetamol + talc (2.00 g),,105.0,51.21951219512196,2026-03 (undated),
C09_2026-03_BLEND_CALIBRATION,C09_S39,16,calibration,binary blend paracetamol + talc (2.00 g),,106.0,51.45631067961165,2026-03 (undated),
C09_2026-03_BLEND_CALIBRATION,C09_S40,16,calibration,binary blend paracetamol + talc (2.00 g),,107.0,51.69082125603864,2026-03 (undated),
C09_2026-03_BLEND_CALIBRATION,C09_S41,16,calibration,binary blend paracetamol + talc (2.00 g),,107.5,51.80722891566265,2026-03 (undated),
C09_2026-03_BLEND_CALIBRATION,C09_S42,16,calibration,binary blend paracetamol + talc (2.00 g),,108.0,51.92307692307692,2026-03 (undated),
C09_2026-03_BLEND_CALIBRATION,C09_S43,16,calibration,binary blend paracetamol + talc (2.00 g),,109.0,52.1531100478469,2026-03 (undated),
C09_2026-03_BLEND_CALIBRATION,C09_S44,16,calibration,binary blend paracetamol + talc (2.00 g),,110.0,52.38095238095239,2026-03 (undated),
C09_2026-03_BLEND_CALIBRATION,C09_S45,16,calibration,binary blend paracetamol + talc (2.00 g),,111.0,52.60663507109005,2026-03 (undated),
C09_2026-03_BLEND_CALIBRATION,C09_S46,16,calibration,binary blend paracetamol + talc (2.00 g),,112.0,52.83018867924529,2026-03 (undated),
C09_2026-03_BLEND_CALIBRATION,C09_S47,16,calibration,binary blend paracetamol + talc (2.00 g),,112.5,52.94117647058823,2026-03 (undated),
C09_2026-03_BLEND_CALIBRATION,C09_S48,16,calibration,binary blend paracetamol + talc (2.00 g),,113.0,53.05164319248826,2026-03 (undated),
C09_2026-03_BLEND_CALIBRATION,C09_S49,16,calibration,binary blend paracetamol + talc (2.00 g),,114.0,53.27102803738318,2026-03 (undated),
C09_2026-03_BLEND_CALIBRATION,C09_S50,16,calibration,binary blend paracetamol + talc (2.00 g),,115.0,53.48837209302325,2026-03 (undated),
C09_2026-03_BLEND_CALIBRATION,C09_S51,16,calibration,binary blend paracetamol + talc (2.00 g),,116.0,53.703703703703695,2026-03 (undated),
C09_2026-03_BLEND_CALIBRATION,C09_S52,16,calibration,binary blend paracetamol + talc (2.00 g),,117.0,53.91705069124424,2026-03 (undated),
C09_2026-03_BLEND_CALIBRATION,C09_S53,16,calibration,binary blend paracetamol + talc (2.00 g),,117.5,54.02298850574713,2026-03 (undated),
C09_2026-03_BLEND_CALIBRATION,C09_S54,16,calibration,binary blend paracetamol + talc (2.00 g),,118.0,54.128440366972484,2026-03 (undated),
C09_2026-03_BLEND_CALIBRATION,C09_S55,16,calibration,binary blend paracetamol + talc (2.00 g),,119.0,54.337899543378995,2026-03 (undated),
C09_2026-03_BLEND_CALIBRATION,C09_S56,16,calibration,binary blend paracetamol + talc (2.00 g),,120.0,54.54545454545454,2026-03 (undated),
C09_2026-03_BLEND_CALIBRATION,C09_S57,16,calibration,binary blend paracetamol + talc (2.00 g),,99.5,49.87468671679198,2026-03 (undated),
C09_2026-03_BLEND_CALIBRATION,C09_S58,16,calibration,binary blend paracetamol + talc (2.00 g),,100.0,50.0,2026-03 (undated),
C09_2026-03_BLEND_CALIBRATION,C09_S59,16,calibration,binary blend paracetamol + talc (2.00 g),,100.5,50.12468827930174,2026-03 (undated),
C10_2026-03_BLEND_RESCAN_TEST,C09_S45,4,rescan_test,binary blend paracetamol + talc (2.00 g),,111.0,52.60663507109005,2026-03-11..17,same physical samples as C09 (not independent preparations)
C10_2026-03_BLEND_RESCAN_TEST,C09_S37,8,rescan_test,binary blend paracetamol + talc (2.00 g),,104.5,51.100244498777506,2026-03-11..17,same physical samples as C09 (not independent preparations)
C10_2026-03_BLEND_RESCAN_TEST,C09_S17,4,rescan_test,binary blend paracetamol + talc (2.00 g),,93.0,48.18652849740932,2026-03-11..17,same physical samples as C09 (not independent preparations)
C10_2026-03_BLEND_RESCAN_TEST,C09_S18,4,rescan_test,binary blend paracetamol + talc (2.00 g),,94.0,48.45360824742268,2026-03-11..17,same physical samples as C09 (not independent preparations)
C10_2026-03_BLEND_RESCAN_TEST,C09_S59,4,rescan_test,binary blend paracetamol + talc (2.00 g),,100.5,50.12468827930174,2026-03-11..17,same physical samples as C09 (not independent preparations)
C10_2026-03_BLEND_RESCAN_TEST,C09_S32,4,rescan_test,binary blend paracetamol + talc (2.00 g),,102.0,50.495049504950494,2026-03-11..17,same physical samples as C09 (not independent preparations)
C10_2026-03_BLEND_RESCAN_TEST,C09_S31,8,rescan_test,binary blend paracetamol + talc (2.00 g),,101.5,50.37220843672457,2026-03-11..17,same physical samples as C09 (not independent preparations)
C10_2026-03_BLEND_RESCAN_TEST,C09_S22,4,rescan_test,binary blend paracetamol + talc (2.00 g),,96.5,49.10941475826972,2026-03-11..17,same physical samples as C09 (not independent preparations)
C10_2026-03_BLEND_RESCAN_TEST,C09_S20,5,rescan_test,binary blend paracetamol + talc (2.00 g),,95.5,48.849104859335036,2026-03-11..17,same physical samples as C09 (not independent preparations)
C10_2026-03_BLEND_RESCAN_TEST,C09_S36,4,rescan_test,binary blend paracetamol + talc (2.00 g),,104.0,50.98039215686274,2026-03-11..17,same physical samples as C09 (not independent preparations)
C10_2026-03_BLEND_RESCAN_TEST,C09_S30,4,rescan_test,binary blend paracetamol + talc (2.00 g),,101.0,50.24875621890548,2026-03-11..17,same physical samples as C09 (not independent preparations)
C10_2026-03_BLEND_RESCAN_TEST,C09_S56,4,rescan_test,binary blend paracetamol + talc (2.00 g),,120.0,54.54545454545454,2026-03-11..17,same physical samples as C09 (not independent preparations)
C10_2026-03_BLEND_RESCAN_TEST,C09_S35,4,rescan_test,binary blend paracetamol + talc (2.00 g),,103.5,50.85995085995085,2026-03-11..17,same physical samples as C09 (not independent preparations)
